"date","actual","forecast"
"2015-01-01",1.14186025970398,1.09613287767168
"2015-02-01",1.09527398830398,0.995101945568037
"2015-03-01",1.058119116587,0.93892693577393
"2015-04-01",0.998536477720968,0.863945745402162
"2015-05-01",1.050780459913,0.738702972731974
"2015-06-01",1.02053654776704,0.995331941090025
"2015-07-01",0.980480450728027,0.953023861067078
"2015-08-01",1.102960639379,0.965470109541564
"2015-09-01",1.06168047834201,0.988062060803006
"2015-10-01",1.135191532902,1.0492615524729
"2015-11-01",1.17873959820294,1.15079572361331
"2015-12-01",1.21646656317296,1.10796784466046
"2016-01-01",1.16644720050694,1.04889597785014
"2016-02-01",1.17952587629295,0.984926385374894
"2016-03-01",1.18403420637092,0.792935116944489
"2016-04-01",1.04541464063903,0.886066953681721
"2016-05-01",0.943992125352011,1.05846678764852
"2016-06-01",0.956868153944068,0.962381886117492
"2016-07-01",1.05881831095909,0.96889738425515
"2016-08-01",1.031203260706,1.06038929360831
"2016-09-01",0.841164976231035,1.2612677525656
"2016-10-01",0.833389785375971,0.83402042546269
"2016-11-01",0.778186079168997,0.897792457157883
"2016-12-01",0.727977604256935,0.955060264776159
"2017-01-01",0.604238661032941,1.06670145464092
"2017-02-01",0.610488199824033,1.05495152079863
"2017-03-01",0.741632283067961,1.04513197909247
"2017-04-01",0.910946897997977,0.970734640491282
"2017-05-01",0.94449742794902,0.907030487691792
"2017-06-01",1.02670387546802,0.790628050463171
"2017-07-01",1.26936633987,0.85801160928281
"2017-08-01",1.24980475641303,0.687142206602763
"2017-09-01",1.35893488137606,0.93338046046307
"2017-10-01",1.21689769572502,0.52988835699184
"2017-11-01",1.30305330691396,0.797479021148555
"2017-12-01",1.19397287020204,0.854384074254398
"2018-01-01",0.972901184062014,0.856047691158387
"2018-02-01",0.848911449645939,0.817582281348271
"2018-03-01",0.814944691617026,1.01851353960689
"2018-04-01",0.887218818802005,1.10949671457912
"2018-05-01",0.888147940833051,0.930630142895076
"2018-06-01",1.02964992054799,1.08019701091107
"2018-07-01",1.18312162860699,1.32637998387052
"2018-08-01",1.26957821595406,1.11602238667512
"2018-09-01",1.23055396063991,1.19240200185005
"2018-10-01",1.18255062941302,1.20167542867336
"2018-11-01",1.06507976950097,0.80674310946848
"2018-12-01",1.023723463405,0.971404312887767
"2019-01-01",0.959465117940006,1.09454089449217
"2019-02-01",1.02502882951194,1.04509938178613
"2019-03-01",1.07272563315606,0.762968474622316
"2019-04-01",1.12835587167304,1.12932291183384
"2019-05-01",1.26232100708403,0.989943951557011
"2019-06-01",1.24103499350294,0.83450884950158
"2019-07-01",1.29663172543504,0.852537148881524
"2019-08-01",1.31503814144205,1.12360783812964
"2019-09-01",1.00331639736098,1.02662144949611
"2019-10-01",0.292435333782937,1.1401365793243
"2019-11-01",-0.0512279655620063,1.06411986278118
"2019-12-01",-0.0643015501530009,0.955088661743333
"2020-01-01",0.252010505866984,1.13238657684692
"2020-02-01",0.392690205104973,1.1003958514625
"2020-03-01",0.70113928045803,1.24060067915399
"2020-04-01",1.33073141860907,1.06465189817184
"2020-05-01",1.70682505057798,0.971339673467306
"2020-06-01",1.67556466708705,0.944506394208687
"2020-07-01",1.12569870677701,0.752552266786265
"2020-08-01",0.873154186659963,0.85543051701956
"2020-09-01",0.93267341028298,0.84604986755819
"2020-10-01",1.59139309186598,0.591948901337828
"2020-11-01",2.00799504045399,1.04118604293162
"2020-12-01",2.65259215667202,1.53995498775485
"2021-01-01",2.99555231752597,1.56542821493309
"2021-02-01",2.99951369879006,1.19230441296914
"2021-03-01",3.00251154981099,0.727374102762449
"2021-04-01",2.88994043552995,0.71749664534767
"2021-05-01",2.84666043435005,1.18103498750954
"2021-06-01",2.70542717067599,1.42737890181694
"2021-07-01",2.88645847779101,1.86083754578358
"2021-08-01",3.25619263910495,2.36749201610465
"2021-09-01",3.27647981110903,1.90285811620659
"2021-10-01",3.08524565974704,2.38167085818011
"2021-11-01",2.99892140936295,1.89966088467717
"2021-12-01",3.03460607470596,2.02990761725866
"2022-01-01",2.846488404706,2.64630948419359
"2022-02-01",2.84747658701807,2.41222373495378
"2022-03-01",3.14570695659597,2.71555690397416
"2022-04-01",3.02029382920601,3.15680039351024
"2022-05-01",2.79478986296704,2.96196047677177
"2022-06-01",2.49373901349701,2.81772662322581
"2022-07-01",2.54461547698597,3.01379372993834
"2022-08-01",2.50229893914895,2.60314075778272
"2022-09-01",2.26789787763204,3.18096041399299
"2022-10-01",2.34681186986103,2.94330872183658
"2022-11-01",2.40397536446704,2.89771395229801
"2022-12-01",2.24963728708802,2.62467127164399
"2023-01-01",2.051592122407,2.62372691427624
"2023-02-01",1.80829800314699,2.02998014317598
"2023-03-01",1.78424485871398,2.26690151908497
"2023-04-01",1.59990983935892,2.49213889071957
"2023-05-01",1.53229793056999,2.39280415000401
"2023-06-01",1.58936028492498,2.2373760121382
"2023-07-01",1.74224906556004,1.99893054747221
"2023-08-01",1.89032837639003,2.10919283572914
"2023-09-01",1.95932806627299,1.68149306108262
"2023-10-01",1.95959080250301,1.4389051067269
"2023-11-01",1.80200489858997,1.86522358446677
"2023-12-01",1.619167287358,1.61524285571051
"2024-01-01",1.43499767115793,1.46456948048265
"2024-02-01",1.34847509298197,1.52727632846749
"2024-03-01",1.27762690347195,1.79049472984549
"2024-04-01",1.28019968800102,1.69199955197362
"2024-05-01",1.42540248634901,1.51582801342373
"2024-06-01",1.54388944016102,1.46299810552984
"2024-07-01",1.80407333904302,1.79295691011683
"2024-08-01",1.74679095995405,1.49139560291107
"2024-09-01",1.49238493586106,1.48599398251112
"2024-10-01",1.46333989157901,1.68825444075309
"2024-11-01",1.30415275905396,1.70836362483793
"2024-12-01",1.322503973359,1.72451852897564
"2025-01-01",1.19898282791802,1.27335474977648
"2025-02-01",NA,1.69180078811837
"2025-03-01",NA,1.45381529106007
"2025-04-01",NA,1.33727967662049
"2025-05-01",NA,1.56941692303668
"2025-06-01",NA,1.5005000873514
"2025-07-01",NA,1.15959995744405
